City,Population Density (people/km²),Coordinates city,Total kW supplied,(kW) / (hab/km²)
New York City,10896,"(40.7128, -74.006)",5076.35934278084,0.46589201016711085
Chicago,4656,"(41.8781, -87.6298)",4841.254586637183,1.0397883562365084
Los Angeles,3180,"(34.0522, -118.2437)",5342.72307045301,1.6801015944820787
San Francisco,2642,"(37.7749, -122.4194)",5182.255187223928,1.9614894728326753
Houston,1400,"(29.7604, -95.3698)",5206.961675549746,3.7192583396783903
